-- phpMyAdmin SQL Dump
-- version 5.0.2
-- https://www.phpmyadmin.net/
--
-- ホスト: api-mysql-srv:3306
-- 生成日時: 2020 年 7 月 21 日 01:02
-- サーバのバージョン： 5.7.31
-- PHP のバージョン: 7.4.6

SET SQL_MODE = "NO_AUTO_VALUE_ON_ZERO";
START TRANSACTION;
SET time_zone = "+00:00";


/*!40101 SET @OLD_CHARACTER_SET_CLIENT=@@CHARACTER_SET_CLIENT */;
/*!40101 SET @OLD_CHARACTER_SET_RESULTS=@@CHARACTER_SET_RESULTS */;
/*!40101 SET @OLD_COLLATION_CONNECTION=@@COLLATION_CONNECTION */;
/*!40101 SET NAMES utf8mb4 */;

--
-- データベース: `api`
--

-- --------------------------------------------------------

--
-- テーブルのデータのダンプ `users`
--

INSERT INTO `users` (`id`, `username`, `email`, `password`, `avatar_url`, `status_message`, `third_party_id`, `auth_provider`, `is_email_verified`, `created_at`, `updated_at`) VALUES
(1, 'test1', 'test1@gmail.com', '$2b$10$9f2onA7U/M0BTN6HUwwnveTEMDhiFct.P9ZbVumUZiq16/zav5PDy', 'http://res.cloudinary.com/db32y726v/image/upload/v1595290707/umhvfbhlpowc8oorosvk.png', '', NULL, NULL, 1, '2020-07-21 00:15:45.461322', '2020-07-21 00:18:28.000000'),
(2, 'test2', 'test2@gmail.com', '$2b$10$UyTdYPXElEeAP026VvheiO0eI3WFw7VnwdagXl1prdThYw9cJPx/S', NULL, NULL, NULL, NULL, 1, '2020-07-21 00:16:33.350395', '2020-07-21 00:16:48.000000'),
(3, 'test3', 'test3@gmail.com', '$2b$10$h9CiO6Y1swwdW09me4wKz.haxWkKhc3ucnPUWBINnPLb3jjLVXw7a', NULL, NULL, NULL, NULL, 1, '2020-07-21 00:17:19.019096', '2020-07-21 00:17:41.000000');

-- --------------------------------------------------------

--
-- テーブルのデータのダンプ `goals`
--

INSERT INTO `goals` (`id`, `title`, `description`, `label`, `is_public`, `user_id`, `last_commited_at`, `created_at`, `updated_at`) VALUES
(1, 'JSを理解する', '打倒NestJS', 'CHALLENGING', 1, 1, '2020-07-21 00:21:17.103000', '2020-07-21 00:19:09.998959', '2020-07-21 00:21:17.112864'),
(2, 'TypeScriptを理解する', '妥当NestJS', 'CHALLENGING', 1, 1, '2020-07-21 00:26:24.489000', '2020-07-21 00:21:42.018681', '2020-07-21 00:26:24.513449'),
(3, 'NestJSを理解する', '', 'CHALLENGING', 1, 1, '2020-07-21 00:24:22.635431', '2020-07-21 00:24:22.635431', '2020-07-21 00:24:22.635431'),
(4, 'ITパスポート取得', '', 'CHALLENGING', 0, 2, '2020-07-21 00:43:31.013000', '2020-07-21 00:40:20.731654', '2020-07-21 00:43:31.027389'),
(5, '基本情報取得', '', 'CHALLENGING', 0, 2, '2020-07-21 00:56:36.185000', '2020-07-21 00:44:32.456377', '2020-07-21 00:56:36.216781'),
(6, 'テスト勉強', '高得点取る', 'CHALLENGING', 0, 3, '2020-07-21 00:55:33.553000', '2020-07-21 00:51:10.844599', '2020-07-21 00:55:33.561312');

-- --------------------------------------------------------

--
-- テーブルのデータのダンプ `commits`
--

INSERT INTO `commits` (`id`, `title`, `description`, `study_time`, `goal_id`, `created_at`, `updated_at`) VALUES
(1, 'progate', 'progateの学習コースⅠ,Ⅱをやった！', '02:00:00', 1, '2020-07-21 00:20:09.315963', '2020-07-21 00:20:09.315963'),
(2, 'progate', 'progateの学習コースⅢ,Ⅳをやった！', '02:00:00', 1, '2020-07-21 00:20:48.241798', '2020-07-21 00:20:48.241798'),
(3, 'progate', '学習コースⅤをやった！', '01:00:00', 1, '2020-07-21 00:21:17.085806', '2020-07-21 00:21:17.085806'),
(4, 'youtube', '「超TypeScript入門完全パック(2020)」という動画をみて勉強。\nあと3時間ちょっと残っている。', '00:30:00', 2, '2020-07-21 00:26:24.380974', '2020-07-21 00:26:24.380974'),
(5, '過去問', '', '00:31:00', 4, '2020-07-21 00:40:44.000299', '2020-07-21 00:40:44.000299'),
(6, '過去問', '計算問題全然覚えていない...', '01:01:00', 4, '2020-07-21 00:41:07.166890', '2020-07-21 00:41:07.166890'),
(7, '過去問', '50問中\r\n正答率 40%', '01:00:00', 4, '2020-07-21 00:42:03.183621', '2020-07-21 00:42:20.643852'),
(8, '過去問', '75問中\n正答率50%', '01:30:00', 4, '2020-07-21 00:43:30.991906', '2020-07-21 00:43:30.991906'),
(9, '数Ⅱ', '教科書のP.67 ~ 72までやった\n', '01:04:00', 6, '2020-07-21 00:52:30.438480', '2020-07-21 00:52:30.438480'),
(10, '過去問', '', '00:31:00', 5, '2020-07-21 00:53:16.388051', '2020-07-21 00:53:16.388051'),
(11, '復習', '', '01:01:00', 6, '2020-07-21 00:55:33.517604', '2020-07-21 00:55:33.517604'),
(12, '過去問', '', '01:00:00', 5, '2020-07-21 00:56:36.156216', '2020-07-21 00:56:36.156216');

-- --------------------------------------------------------

--
-- テーブルのデータのダンプ `groups`
--

INSERT INTO `groups` (`id`, `name`, `created_at`, `updated_at`) VALUES
(1, 'ひまわり組', '2020-07-21 00:23:58.231417', '2020-07-21 00:23:58.231417'),
(2, 'チューリップ組', '2020-07-21 00:51:44.354819', '2020-07-21 00:51:44.354819');

-- --------------------------------------------------------

--
-- テーブルのデータのダンプ `user_group`
--

INSERT INTO `user_group` (`user_id`, `group_id`) VALUES
(1, 1),
(2, 1),
(2, 2),
(3, 1),
(3, 2);

-- --------------------------------------------------------

--
-- テーブルのデータのダンプ `goal_group`
--

INSERT INTO `goal_group` (`goal_id`, `group_id`) VALUES
(1, 1),
(2, 1),
(4, 1),
(5, 2),
(6, 1),
(6, 2);

-- --------------------------------------------------------


--
-- テーブルのデータのダンプ `timelines`
--

INSERT INTO `timelines` (`id`, `group_id`, `commit_id`) VALUES
(1, 1, 4),
(2, 1, 8),
(3, 2, 9),
(4, 2, 11),
(5, 1, 11),
(6, 2, 12);

-- --------------------------------------------------------

--
-- テーブルのデータのダンプ `comments`
--

INSERT INTO `comments` (`id`, `content`, `timeline_id`, `user_id`, `created_at`, `updated_at`) VALUES
(1, 'まだまだ！', 3, 2, '2020-07-21 01:01:41.455894', '2020-07-21 01:01:41.455894'),
(2, 'まだまだ！', 1, 2, '2020-07-21 01:02:11.796875', '2020-07-21 01:02:11.796875'),
(3, 'えらい', 5, 1, '2020-07-21 01:02:37.463722', '2020-07-21 01:02:37.463722');

-- --------------------------------------------------------

--
-- テーブルのデータのダンプ `reactions`
--

INSERT INTO `reactions` (`id`, `timeline_id`, `emoji`, `user_id`, `created_at`, `updated_at`) VALUES
(2, 2, 'SMILE', 2, '2020-07-21 00:53:57.113198', '2020-07-21 00:53:57.113198'),
(3, 2, 'GOOD', 3, '2020-07-21 00:54:52.556020', '2020-07-21 00:54:52.556020'),
(4, 1, 'PIEN', 3, '2020-07-21 00:54:56.176304', '2020-07-21 00:54:56.176304'),
(5, 3, 'GOOD', 2, '2020-07-21 01:01:43.362370', '2020-07-21 01:01:43.362370'),
(6, 1, 'GOOD', 2, '2020-07-21 01:02:16.107577', '2020-07-21 01:02:16.107577'),
(7, 5, 'SMILE', 1, '2020-07-21 01:02:41.446700', '2020-07-21 01:02:41.446700');

-- --------------------------------------------------------

--
-- テーブルのデータのダンプ `tasks`
--

-- --------------------------------------------------------

COMMIT;

/*!40101 SET CHARACTER_SET_CLIENT=@OLD_CHARACTER_SET_CLIENT */;
/*!40101 SET CHARACTER_SET_RESULTS=@OLD_CHARACTER_SET_RESULTS */;
/*!40101 SET COLLATION_CONNECTION=@OLD_COLLATION_CONNECTION */;
