-- phpMyAdmin SQL Dump
-- version 5.0.2
-- https://www.phpmyadmin.net/
--
-- ホスト: db:3306
-- 生成日時: 2020 年 7 月 17 日 05:53
-- サーバのバージョン： 5.7.30
-- PHP のバージョン: 7.4.6

SET SQL_MODE = "NO_AUTO_VALUE_ON_ZERO";
START TRANSACTION;
SET time_zone = "+00:00";


/*!40101 SET @OLD_CHARACTER_SET_CLIENT=@@CHARACTER_SET_CLIENT */;
/*!40101 SET @OLD_CHARACTER_SET_RESULTS=@@CHARACTER_SET_RESULTS */;
/*!40101 SET @OLD_COLLATION_CONNECTION=@@COLLATION_CONNECTION */;
/*!40101 SET NAMES utf8mb4 */;

--
-- データベース: `api`
--

-- --------------------------------------------------------

--
-- テーブルのデータのダンプ `users`
--

INSERT INTO `users` (`id`, `username`, `email`, `password`, `avatar_url`, `status_message`, `third_party_id`, `auth_provider`, `is_email_verified`, `created_at`, `updated_at`) VALUES
(1, 'test1', 'test1@gmail.com', '$2b$10$OCJaRiPOIEY.K2cD.Uc4Je5QwiH9R3/jlZGEbfHQ0DsHuYu9SPQEq', NULL, NULL, NULL, NULL, 1, '2020-07-17 03:41:54.243595', '2020-07-17 03:42:13.000000'),
(2, 'test2', 'test2@gmail.com', '$2b$10$QGJcMSDqK8dVD3jlfVznvOcFcvrcBj8RHUxW8XwhBdd37.K3mRNKu', NULL, NULL, NULL, NULL, 1, '2020-07-17 03:54:20.055814', '2020-07-17 03:54:37.000000'),
(3, 'test3', 'test3@gmail.com', '$2b$10$rAEWwnxKlHs8sgDec85l.eAn8U9ltXrZvnuaqOpKOl1iQu38RZci2', NULL, NULL, NULL, NULL, 1, '2020-07-17 03:59:53.442030', '2020-07-17 04:00:11.000000');

-- --------------------------------------------------------
--
-- テーブルのデータのダンプ `goals`
--

INSERT INTO `goals` (`id`, `title`, `description`, `is_public`, `user_id`, `last_commited_at`, `created_at`, `updated_at`) VALUES
(1, 'TOEICで800点以上とる', '2021年度の初回実施日に取りたい', 0, 1, '2020-07-17 03:50:16.034000', '2020-07-17 03:44:55.514858', '2020-07-17 03:50:16.108783'),
(2, '基本情報技術者試験取得', '2020年度10月実施日に取得する', 1, 1, '2020-07-17 03:53:41.708000', '2020-07-17 03:52:20.188039', '2020-07-17 03:53:41.731353'),
(3, 'ITパスポート取得', '会社に取れって言われた', 0, 2, '2020-07-17 03:58:52.659000', '2020-07-17 03:57:26.442706', '2020-07-17 03:58:52.697996'),
(4, '簿記一級', '', 1, 3, '2020-07-17 04:03:35.834000', '2020-07-17 04:01:49.792152', '2020-07-17 04:03:35.863129');

--
-- テーブルのデータのダンプ `commits`
--

INSERT INTO `commits` (`id`, `title`, `description`, `study_time`, `goal_id`, `created_at`, `updated_at`) VALUES
(1, 'リスニング', '', '01:00:00', 1, '2020-07-17 03:49:26.088532', '2020-07-17 03:49:26.088532'),
(2, '単語の勉強', '〇〇教材のP.XX ~ P.XXをやった。\n', '00:30:00', 1, '2020-07-17 03:50:15.926620', '2020-07-17 03:50:15.926620'),
(3, 'ネットワーク', '〇〇教材のP.XX ~ P.XXを勉強した。', '01:30:00', 2, '2020-07-17 03:53:06.831409', '2020-07-17 03:53:06.831409'),
(4, 'アルゴリズム', '〇〇教材のP.XX ~ P.XXを勉強した。', '02:00:00', 2, '2020-07-17 03:53:41.569517', '2020-07-17 03:53:41.569517'),
(5, '過去問道場', '正答率 〇〇%\nまだまだ\n', '00:31:00', 3, '2020-07-17 03:58:21.428079', '2020-07-17 03:58:21.428079'),
(6, '過去問道場', '正答率 〇〇%\nまだまだ', '00:30:00', 3, '2020-07-17 03:58:52.558893', '2020-07-17 03:58:52.558893'),
(7, '19年度 過去問題集', 'P.XX ~ P.XXまでやった\n〇〇の部分でつまずいた', '02:00:00', 4, '2020-07-17 04:03:02.040624', '2020-07-17 04:03:02.040624'),
(8, '18年度 過去問題集', 'P.XX ~ P.XXまでやった。\n順調です。', '01:30:00', 4, '2020-07-17 04:03:35.734991', '2020-07-17 04:03:35.734991');



-- --------------------------------------------------------
--
-- テーブルのデータのダンプ `groups`
--

INSERT INTO `groups` (`id`, `name`, `created_at`, `updated_at`) VALUES
(3, 'テスト1', '2020-07-17 04:04:24.018602', '2020-07-17 04:04:24.018602'),
(4, 'テスト2', '2020-07-17 04:06:55.833793', '2020-07-17 04:06:55.833793');

-- --------------------------------------------------------
--
-- テーブルのデータのダンプ `goal_group`
--

INSERT INTO `goal_group` (`goal_id`, `group_id`) VALUES
(1, 3),
(2, 3),
(4, 4);
-- --------------------------------------------------------

--
-- テーブルのデータのダンプ `reactions`
--

-- --------------------------------------------------------
--
-- テーブルデータのダンプ `tasks`
--

-- --------------------------------------------------------

--
-- テーブルのデータのダンプ `timelines`
--

-- --------------------------------------------------------

-- --------------------------------------------------------

--
-- テーブルのデータのダンプ `user_group`
--

INSERT INTO `user_group` (`user_id`, `group_id`) VALUES
(1, 3),
(2, 4),
(3, 3),
(3, 4);

/*!40101 SET CHARACTER_SET_CLIENT=@OLD_CHARACTER_SET_CLIENT */;
/*!40101 SET CHARACTER_SET_RESULTS=@OLD_CHARACTER_SET_RESULTS */;
/*!40101 SET COLLATION_CONNECTION=@OLD_COLLATION_CONNECTION */;
